text,label
"Buy heroin online discreetly.",1
"We offer next-day delivery for high-purity ecstasy.",1
"Order illegal weapons and firearms with anonymous shipping.",1
"Purchase stolen credit cards using bitcoins.",1
"Get unregistered firearms delivered to your door.",1
"Exclusive access to high-quality cannabis strains.",1
"Secure anonymous payments through cryptocurrency for your illegal needs.",1
"Buy fake IDs and counterfeit passports online.",1
"Money laundering services with Bitcoin and Monero.",1
"High-quality LSD and psychedelics available for order.",1
"Pure quality cocaine available for immediate shipment.",1
"Order bulk quantities of MDMA and other party drugs.",1
"Purchase untraceable firearms on the darknet.",1
"Guaranteed delivery of high-potency heroin.",1
"Top quality steroids and research chemicals available.",1
"Anonymous payment methods accepted for illegal transactions.",1
"Discreet packaging for all illegal substance orders.",1
"Get your high-quality counterfeit money today.",1
"Private transactions for illicit goods using privacy coins.",1
"Join our dark web forum for trading illicit materials.",1
"Hire a hitman through our secure platform.",1
"Trade organs and body parts anonymously.",1
"Buy unlicensed pharmaceutical drugs online.",1
"Get confidential documents and government secrets.",1
"Order military-grade weapons with no questions asked.",1
"Find child pornography on our hidden services.",1
"Buy ransomware tools to target businesses.",1
"Get fake diplomas and academic certificates.",1
"Purchase illegal wildlife and exotic animals.",1
"Trade human trafficking victims securely.",1
"Order synthetic cannabinoids and bath salts.",1
"Join our forum for illegal betting and gambling.",1
"Access stolen personal data and credentials.",1
"Get bomb-making materials delivered discreetly.",1
"Purchase fraudulent financial documents.",1
"Order illegal alcohol and tobacco products.",1
"Find untraceable SIM cards for your phone.",1
"Get fake prescription drugs with no prescription.",1
"Purchase hacking software and malware tools.",1
"Order counterfeit goods and branded items.",1
"Buy illegally obtained medical equipment.",1
"Join our group for organ trafficking discussions.",1
"Access tutorials on creating illegal substances.",1
"Find unlicensed firearm dealers on our platform.",1
"Order hacked accounts and social media profiles.",1
"Purchase counterfeit currency in bulk.",1
"Get private keys to stolen cryptocurrencies.",1
"Access illegal streaming of live sports events.",1
"Order black market surgical procedures.",1
"Buy illegal fireworks and explosives.",1
"Join our secure network for selling illicit drugs.",1
"Get tutorials on bypassing security systems.",1
"Find anonymous vendors for illegal downloads.",1
"Access encrypted communication channels for illicit deals.",1
"Trade in prohibited archaeological artifacts.",1
"Buy exotic animals without proper permits.",1
"Obtain fake citizenship and travel documents.",1
"Rent out underage children for exploitation.",1
"Traffic in human organs for transplantation.",1
"Purchase counterfeit prescription medications.",1
"Offer hitman services for eliminating targets.",1
"Host illegal gambling activities online.",1
"Engage in money laundering using cryptocurrencies.",1
"Sell stolen credit card information on the dark web.",1
"Trade in illegal narcotics through encrypted platforms.",1
"Smuggle contraband across international borders.",1
"Offer hacking services to breach corporate networks.",1
"Produce counterfeit currency for distribution.",1
"Promote child exploitation materials on hidden forums.",1
"Traffic in counterfeit luxury goods and designer items.",1
"Operate illegal streaming services for pirated content.",1
"Facilitate identity theft through phishing schemes.",1
"Collaborate in terrorist activities through online forums.",1
"Offer unlicensed medical procedures in underground clinics.",1
"Trade in endangered species through online auctions.",1
"Host forums for planning and executing criminal activities.",1
"Provide tutorials on assembling improvised explosive devices.",1
"Conduct cyber attacks on government and private sector targets.",1
"Offer services for evading taxes and financial regulations.",1
"Engage in online extortion and ransomware attacks.",1
"Traffic in counterfeit artwork and cultural artifacts.",1
"Operate illegal online pharmacies selling controlled substances.",1
"Facilitate the sale of stolen vehicles and car parts.",1
"Promote hate speech and incite violence through social media.",1
"Engage in election interference and political manipulation.",1
"Operate underground markets for illegal weapons and ammunition.",1
"Facilitate the distribution of pirated software and digital media.",1
"Offer services for breaching privacy and leaking confidential information.",1
"Conduct human experiments and medical trials without ethical oversight.",1
"Trade in counterfeit academic credentials and diplomas.",1
"Operate Ponzi schemes and fraudulent investment platforms.",1
"Facilitate illegal immigration and human smuggling operations.",1
"Promote extremist ideologies and recruit members for radical groups.",1
"Engage in wildlife poaching and illegal hunting activities.",1
"Operate fraudulent online dating and romance scams.",1
"Facilitate the sale of counterfeit pharmaceutical drugs.",1
"Promote pyramid schemes and deceptive multi-level marketing.",1
"Engage in conspiracy theories and misinformation campaigns.",1
"Operate illegal online marketplaces for stolen goods.",1
"Facilitate illegal logging and deforestation activities.",1
"Promote online piracy of copyrighted content.",1
"Engage in stock market manipulation and insider trading.",1
"Operate counterfeit currency printing operations.",1
"Facilitate the sale of counterfeit luxury watches and jewelry.",1
"Promote cyber bullying and online harassment.",1
"Engage in organized crime and racketeering activities.",1
"Operate unlicensed adult entertainment and pornography sites.",1
"Facilitate the sale of counterfeit fashion accessories and apparel.",1
"Promote religious extremism and incite religious violence.",1
"Engage in tax evasion and money laundering schemes.",1
"Operate illegal cockfighting and animal fighting rings.",1
"Facilitate the distribution of counterfeit DVDs and Blu-ray discs.",1
"Promote illegal activities through anonymous online forums.",1
"Engage in arms trafficking and smuggling across borders.",1
"Operate clandestine laboratories for manufacturing illegal substances.",1
"Facilitate the sale of counterfeit electronics and gadgets.",1
"Promote online scams and fraudulent investment opportunities.",1
"Engage in blackmail and extortion through cyber threats.",1
"Operate illegal brothels and human trafficking rings.",1
"Facilitate the distribution of counterfeit designer clothing and handbags.",1
"Promote online hate groups and extremist ideologies.",1
"Engage in illegal street racing and dangerous driving activities.",1
"Operate illegal online gambling and betting platforms.",1
"Facilitate the sale of counterfeit artwork and cultural artifacts.",1
"Promote radicalization and recruitment for terrorist organizations.",1
"Engage in wildlife smuggling and trafficking of endangered species.",1
"Operate fraudulent online pharmacies selling counterfeit medications.",1
"Facilitate the distribution of pirated movies and TV shows.",1
"Promote online piracy of video games and software.",1
"Engage in illegal logging and deforestation activities.",1
"Operate illegal pyramid schemes and investment scams.",1
"Facilitate tax evasion and money laundering through offshore accounts.",1
"Promote conspiracy theories and spread misinformation.",1
"Engage in online trolling and harassment campaigns.",1
"Operate illegal wildlife markets and exotic pet trade.",1
"Facilitate the sale of counterfeit sports memorabilia and collectibles.",1
"Promote violent extremism and recruitment for terrorist activities.",1
"Engage in drug trafficking and distribution of illegal narcotics.",1
"Operate fraudulent charity organizations and donation scams.",1
"Facilitate the distribution of counterfeit currency and banknotes.",1
"Promote illegal file sharing and online piracy networks.",1
"Engage in online radicalization and recruitment for extremist groups.",1
"Operate illegal gambling and betting rings.",1
"Facilitate the sale of counterfeit luxury goods and fashion accessories.",1
"Promote fraudulent investment schemes and financial scams.",1
"Engage in human trafficking and exploitation.",1
"Operate illegal online pharmacies selling controlled substances.",1
"Facilitate the distribution of pirated movies and TV shows.",1
"Promote online piracy of video games and software.",1
"Engage in illegal logging and deforestation activities.",1
"Operate illegal pyramid schemes and investment scams.",1
"Facilitate tax evasion and money laundering through offshore accounts.",1
"Promote conspiracy theories and spread misinformation.",1
"Engage in online trolling and harassment campaigns.",1
"Operate illegal wildlife markets and exotic pet trade.",1
"Facilitate the sale of counterfeit sports memorabilia and collectibles.",1
"Promote violent extremism and recruitment for terrorist activities.",1
"Engage in drug trafficking and distribution of illegal narcotics.",1
"Operate fraudulent charity organizations and donation scams.",1
"Facilitate the distribution of counterfeit currency and banknotes.",1
"Promote illegal file sharing and online piracy networks.",1
"Engage in online radicalization and recruitment for extremist groups.",1
"Operate illegal gambling and betting rings.",1
"Facilitate the sale of counterfeit luxury goods and fashion accessories.",1
"Promote fraudulent investment schemes and financial scams.",1
"Engage in human trafficking and exploitation.",1
"Operate illegal online pharmacies selling controlled substances.",1
"Facilitate the distribution of pirated movies and TV shows.",1
"Promote online piracy of video games and software.",1
"Engage in illegal logging and deforestation activities.",1
"Operate illegal pyramid schemes and investment scams.",1
"Facilitate tax evasion and money laundering through offshore accounts.",1
"Promote conspiracy theories and spread misinformation.",1
"Engage in online trolling and harassment campaigns.",1
"Operate illegal wildlife markets and exotic pet trade.",1
"Facilitate the sale of counterfeit sports memorabilia and collectibles.",1
"Promote violent extremism and recruitment for terrorist activities.",1
"Engage in drug trafficking and distribution of illegal narcotics.",1
"Operate fraudulent charity organizations and donation scams.",1
"Facilitate the distribution of counterfeit currency and banknotes.",1
"Promote illegal file sharing and online piracy networks.",1
"Engage in online radicalization and recruitment for extremist groups.",1
"Operate illegal gambling and betting rings.",1
"Facilitate the sale of counterfeit luxury goods and fashion accessories.",1
"Promote fraudulent investment schemes and financial scams.",1
"Engage in human trafficking and exploitation.",1
"Operate illegal online pharmacies selling controlled substances.",1
"Facilitate the distribution of pirated movies and TV shows.",1
"Promote online piracy of video games and software.",1
"Engage in illegal logging and deforestation activities.",1
"Operate illegal pyramid schemes and investment scams.",1
"Facilitate tax evasion and money laundering through offshore accounts.",1
"Promote conspiracy theories and spread misinformation.",1
"Engage in online trolling and harassment campaigns.",1
"Operate illegal wildlife markets and exotic pet trade.",1
"Facilitate the sale of counterfeit sports memorabilia and collectibles.",1
"Promote violent extremism and recruitment for terrorist activities.",1
"Engage in drug trafficking and distribution of illegal narcotics.",1
"Operate fraudulent charity organizations and donation scams.",1
"Facilitate the distribution of counterfeit currency and banknotes.",1
"Promote illegal file sharing and online piracy networks.",1
"Engage in online radicalization and recruitment for extremist groups.",1
"Operate illegal gambling and betting rings.",1
"Facilitate the sale of counterfeit luxury goods and fashion accessories.",1
"Promote fraudulent investment schemes and financial scams.",1
"Engage in human trafficking and exploitation.",1
"Operate illegal online pharmacies selling controlled substances.",1
"Facilitate the distribution of pirated movies and TV shows.",1
"Promote online piracy of video games and software.",1
"Engage in illegal logging and deforestation activities.",1
"Operate illegal pyramid schemes and investment scams.",1
"Facilitate tax evasion and money laundering through offshore accounts.",1
"Promote conspiracy theories and spread misinformation.",1
"Engage in online trolling and harassment campaigns.",1
"Operate illegal wildlife markets and exotic pet trade.",1
"Facilitate the sale of counterfeit sports memorabilia and collectibles.",1
"Promote violent extremism and recruitment for terrorist activities.",1
"Engage in drug trafficking and distribution of illegal narcotics.",1
"Operate fraudulent charity organizations and donation scams.",1
"Facilitate the distribution of counterfeit currency and banknotes.",1
"Promote illegal file sharing and online piracy networks.",1
"Engage in online radicalization and recruitment for extremist groups.",1
"Operate illegal gambling and betting rings.",1
"Facilitate the sale of counterfeit luxury goods and fashion accessories.",1
"Promote fraudulent investment schemes and financial scams.",1
"Engage in human trafficking and exploitation.",1
"Operate illegal online pharmacies selling controlled substances.",1
"Facilitate the distribution of pirated movies and TV shows.",1
"Promote online piracy of video games and software.",1
"Engage in illegal logging and deforestation activities.",1
"Operate illegal pyramid schemes and investment scams.",1
"Facilitate tax evasion and money laundering through offshore accounts.",1
"Promote conspiracy theories and spread misinformation.",1
"Engage in online trolling and harassment campaigns.",1
"Operate illegal wildlife markets and exotic pet trade.",1
"Facilitate the sale of counterfeit sports memorabilia and collectibles.",1
"Promote violent extremism and recruitment for terrorist activities.",1
"Engage in drug trafficking and distribution of illegal narcotics.",1
"Operate fraudulent charity organizations and donation scams.",1
"Facilitate the distribution of counterfeit currency and banknotes.",1
"Promote illegal file sharing and online piracy networks.",1
"Engage in online radicalization and recruitment for extremist groups.",1
"Operate illegal gambling and betting rings.",1
"Facilitate the sale of counterfeit luxury goods and fashion accessories.",1
"Promote fraudulent investment schemes and financial scams.",1
"Engage in human trafficking and exploitation.",1
"Operate illegal online pharmacies selling controlled substances.",1
"Facilitate the distribution of pirated movies and TV shows.",1
"Promote online piracy of video games and software.",1
"Engage in illegal logging and deforestation activities.",1
"Operate illegal pyramid schemes and investment scams.",1
"Facilitate tax evasion and money laundering through offshore accounts.",1
"Promote conspiracy theories and spread misinformation.",1
"Engage in online trolling and harassment campaigns.",1
"Operate illegal wildlife markets and exotic pet trade.",1
"Facilitate the sale of counterfeit sports memorabilia and collectibles.",1
"Promote violent extremism and recruitment for terrorist activities.",1
"Engage in drug trafficking and distribution of illegal narcotics.",1
"Operate fraudulent charity organizations and donation scams.",1
"Facilitate the distribution of counterfeit currency and banknotes.",1
"Promote illegal file sharing and online piracy networks.",1
"Engage in online radicalization and recruitment for extremist groups.",1
"Operate illegal gambling and betting rings.",1
"Facilitate the sale of counterfeit luxury goods and fashion accessories.",1
"Promote fraudulent investment schemes and financial scams.",1
"Engage in human trafficking and exploitation.",1
"Operate illegal online pharmacies selling controlled substances.",1
"Facilitate the distribution of pirated movies and TV shows.",1
"Promote online piracy of video games and software.",1
"Engage in illegal logging and deforestation activities.",1
"Operate illegal pyramid schemes and investment scams.",1
"Facilitate tax evasion and money laundering through offshore accounts.",1
"Promote conspiracy theories and spread misinformation.",1
"Engage in online trolling and harassment campaigns.",1
"Operate illegal wildlife markets and exotic pet trade.",1
"Facilitate the sale of counterfeit sports memorabilia and collectibles.",1
"Promote violent extremism and recruitment for terrorist activities.",1
"Engage in drug trafficking and distribution of illegal narcotics.",1
"Operate fraudulent charity organizations and donation scams.",1
"Facilitate the distribution of counterfeit currency and banknotes.",1
"Promote illegal file sharing and online piracy networks.",1
"Engage in online radicalization and recruitment for extremist groups.",1
"Operate illegal gambling and betting rings.",1
"Facilitate the sale of counterfeit luxury goods and fashion accessories.",1
"Promote fraudulent investment schemes and financial scams.",1
"Engage in human trafficking and exploitation.",1
"Operate illegal online pharmacies selling controlled substances.",1
"Facilitate the distribution of pirated movies and TV shows.",1
"Promote online piracy of video games and software.",1
"Engage in illegal logging and deforestation activities.",1
"Operate illegal pyramid schemes and investment scams.",1
"Facilitate tax evasion and money laundering through offshore accounts.",1
"Promote conspiracy theories and spread misinformation.",1
"Engage in online trolling and harassment campaigns.",1
"Operate illegal wildlife markets and exotic pet trade.",1
"Facilitate the sale of counterfeit sports memorabilia and collectibles.",1
"Promote violent extremism and recruitment for terrorist activities.",1
"Engage in drug trafficking and distribution of illegal narcotics.",1
"Operate fraudulent charity organizations and donation scams.",1
"Facilitate the distribution of counterfeit currency and banknotes.",1
"Promote illegal file sharing and online piracy networks.",1
"Engage in online radicalization and recruitment for extremist groups.",1
"Operate illegal gambling and betting rings.",1
"Facilitate the sale of counterfeit luxury goods and fashion accessories.",1
"Promote fraudulent investment schemes and financial scams.",1
"Engage in human trafficking and exploitation.",1
"Operate illegal online pharmacies selling controlled substances.",1
"Facilitate the distribution of pirated movies and TV shows.",1
"Promote online piracy of video games and software.",1
"Engage in illegal logging and deforestation activities.",1
"Operate illegal pyramid schemes and investment scams.",1
"Facilitate tax evasion and money laundering through offshore accounts.",1
"Promote conspiracy theories and spread misinformation.",1
"Engage in online trolling and harassment campaigns.",1
"Operate illegal wildlife markets and exotic pet trade.",1
"Facilitate the sale of counterfeit sports memorabilia and collectibles.",1
"Promote violent extremism and recruitment for terrorist activities.",1
"Engage in drug trafficking and distribution of illegal narcotics.",1
"Operate fraudulent charity organizations and donation scams.",1
"Facilitate the distribution of counterfeit currency and banknotes.",1
"Promote illegal file sharing and online piracy networks.",1
"Engage in online radicalization and recruitment for extremist groups.",1
"Operate illegal gambling and betting rings.",1
"Facilitate the sale of counterfeit luxury goods and fashion accessories.",1
"Promote fraudulent investment schemes and financial scams.",1
"Engage in human trafficking and exploitation.",1
"Operate illegal online pharmacies selling controlled substances.",1
"Facilitate the distribution of pirated movies and TV shows.",1
"Promote online piracy of video games and software.",1
"Engage in illegal logging and deforestation activities.",1
"Operate illegal pyramid schemes and investment scams.",1
"Facilitate tax evasion and money laundering through offshore accounts.",1
"Promote conspiracy theories and spread misinformation.",1
"Engage in online trolling and harassment campaigns.",1
"Operate illegal wildlife markets and exotic pet trade.",1
"Facilitate the sale of counterfeit sports memorabilia and collectibles.",1
"Promote violent extremism and recruitment for terrorist activities.",1
"Engage in drug trafficking and distribution of illegal narcotics.",1
"Operate fraudulent charity organizations and donation scams.",1
"Facilitate the distribution of counterfeit currency and banknotes.",1
"Promote illegal file sharing and online piracy networks.",1
"Engage in online radicalization and recruitment for extremist groups.",1
"Operate illegal gambling and betting rings.",1
"Facilitate the sale of counterfeit luxury goods and fashion accessories.",1
"Promote fraudulent investment schemes and financial scams.",1
"Engage in human trafficking and exploitation.",1
"Operate illegal online pharmacies selling controlled substances.",1
"Facilitate the distribution of pirated movies and TV shows.",1
"Promote online piracy of video games and software.",1
"Engage in illegal logging and deforestation activities.",1
"Operate illegal pyramid schemes and investment scams.",1
"Facilitate tax evasion and money laundering through offshore accounts.",1
"Promote conspiracy theories and spread misinformation.",1
"Engage in online trolling and harassment campaigns.",1
"Operate illegal wildlife markets and exotic pet trade.",1
"Facilitate the sale of counterfeit sports memorabilia and collectibles.",1
"Promote violent extremism and recruitment for terrorist activities.",1
"Engage in drug trafficking and distribution of illegal narcotics.",1
"Operate fraudulent charity organizations and donation scams.",1
"Facilitate the distribution of counterfeit currency and banknotes.",1
"Promote illegal file sharing and online piracy networks.",1
"Engage in online radicalization and recruitment for extremist groups.",1
"Operate illegal gambling and betting rings.",1
"Facilitate the sale of counterfeit luxury goods and fashion accessories.",1
"Promote fraudulent investment schemes and financial scams.",1
"Engage in human trafficking and exploitation.",1
"Operate illegal online pharmacies selling controlled substances.",1
"Facilitate the distribution of pirated movies and TV shows.",1
"Promote online piracy of video games and software.",1
"Engage in illegal logging and deforestation activities.",1
"Operate illegal pyramid schemes and investment scams.",1
"Facilitate tax evasion and money laundering through offshore accounts.",1
"Promote conspiracy theories and spread misinformation.",1
"Engage in online trolling and harassment campaigns.",1
"Operate illegal wildlife markets and exotic pet trade.",1
"Facilitate the sale of counterfeit sports memorabilia and collectibles.",1
"Promote violent extremism and recruitment for terrorist activities.",1
"Engage in drug trafficking and distribution of illegal narcotics.",1
"Operate fraudulent charity organizations and donation scams.",1
"Facilitate the distribution of counterfeit currency and banknotes.",1
"Promote illegal file sharing and online piracy networks.",1
"Engage in online radicalization and recruitment for extremist groups.",1
"Operate illegal gambling and betting rings.",1
"Facilitate the sale of counterfeit luxury goods and fashion accessories.",1
"Promote fraudulent investment schemes and financial scams.",1
"Engage in human trafficking and exploitation.",1
"Operate illegal online pharmacies selling controlled substances.",1
"Facilitate the distribution of pirated movies and TV shows.",1
"Promote online piracy of video games and software.",1
"Engage in illegal logging and deforestation activities.",1
"Operate illegal pyramid schemes and investment scams.",1
"Facilitate tax evasion and money laundering through offshore accounts.",1
"Promote conspiracy theories and spread misinformation.",1
"Engage in online trolling and harassment campaigns.",1
"Operate illegal wildlife markets and exotic pet trade.",1
"Facilitate the sale of counterfeit sports memorabilia and collectibles.",1
"Promote violent extremism and recruitment for terrorist activities.",1
"Engage in drug trafficking and distribution of illegal narcotics.",1
"Operate fraudulent charity organizations and donation scams.",1
"Facilitate the distribution of counterfeit currency and banknotes.",1
"Promote illegal file sharing and online piracy networks.",1
"Engage in online radicalization and recruitment for extremist groups.",1
"Operate illegal gambling and betting rings.",1
"Facilitate the sale of counterfeit luxury goods and fashion accessories.",1
"Promote fraudulent investment schemes and financial scams.",1
"Engage in human trafficking and exploitation.",1
"Operate illegal online pharmacies selling controlled substances.",1
"Facilitate the distribution of pirated movies and TV shows.",1
"Promote online piracy of video games and software.",1
"Engage in illegal logging and deforestation activities.",1
"Operate illegal pyramid schemes and investment scams.",1
"Facilitate tax evasion and money laundering through offshore accounts.",1
"Promote conspiracy theories and spread misinformation.",1
"Engage in online trolling and harassment campaigns.",1
"Operate illegal wildlife markets and exotic pet trade.",1
"Facilitate the sale of counterfeit sports memorabilia and collectibles.",1
"Promote violent extremism and recruitment for terrorist activities.",1
"Engage in drug trafficking and distribution of illegal narcotics.",1
"Operate fraudulent charity organizations and donation scams.",1
"Facilitate the distribution of counterfeit currency and banknotes.",1
"Promote illegal file sharing and online piracy networks.",1
"Engage in online radicalization and recruitment for extremist groups.",1
"Operate illegal gambling and betting rings.",1
"Facilitate the sale of counterfeit luxury goods and fashion accessories.",1
"Promote fraudulent investment schemes and financial scams.",1
"Engage in human trafficking and exploitation.",1
"Operate illegal online pharmacies selling controlled substances.",1
"Facilitate the distribution of pirated movies and TV shows.",1
"Promote online piracy of video games and software.",1
"Engage in illegal logging and deforestation activities.",1
"Operate illegal pyramid schemes and investment scams.",1
"Facilitate tax evasion and money laundering through offshore accounts.",1
"Promote conspiracy theories and spread misinformation.",1
"Engage in online trolling and harassment campaigns.",1
"Operate illegal wildlife markets and exotic pet trade.",1
"Facilitate the sale of counterfeit sports memorabilia and collectibles.",1
"Promote violent extremism and recruitment for terrorist activities.",1
"Engage in drug trafficking and distribution of illegal narcotics.",1
"Operate fraudulent charity organizations and donation scams.",1
"Facilitate the distribution of counterfeit currency and banknotes.",1
"Promote illegal file sharing and online piracy networks.",1
"Engage in online radicalization and recruitment for extremist groups.",1
"Operate illegal gambling and betting rings.",1
"Facilitate the sale of counterfeit luxury goods and fashion accessories.",1
"Promote fraudulent investment schemes and financial scams.",1
"Engage in human trafficking and exploitation.",1
"Operate illegal online pharmacies selling controlled substances.",1
"Facilitate the distribution of pirated movies and TV shows.",1
"Promote online piracy of video games and software.",1
"Engage in illegal logging and deforestation activities.",1
"Operate illegal pyramid schemes and investment scams.",1
"Facilitate tax evasion and money laundering through offshore accounts.",1
"Promote conspiracy theories and spread misinformation.",1
"Engage in online trolling and harassment campaigns.",1
"Operate illegal wildlife markets and exotic pet trade.",1
"Facilitate the sale of counterfeit sports memorabilia and collectibles.",1
"Promote violent extremism and recruitment for terrorist activities.",1
"Engage in drug trafficking and distribution of illegal narcotics.",1
"Operate fraudulent charity organizations and donation scams.",1
"Facilitate the distribution of counterfeit currency and banknotes.",1
"Promote illegal file sharing and online piracy networks.",1
"Engage in online radicalization and recruitment for extremist groups.",1
"Operate illegal gambling and betting rings.",1
"Facilitate the sale of counterfeit luxury goods and fashion accessories.",1
"Promote fraudulent investment schemes and financial scams.",1
"Engage in human trafficking and exploitation.",1
"Operate illegal online pharmacies selling controlled substances.",1
"Facilitate the distribution of pirated movies and TV shows.",1
"Promote online piracy of video games and software.",1
"Engage in illegal logging and deforestation activities.",1
"Operate illegal pyramid schemes and investment scams.",1